HashCode,,,
,,,
,,,
PG_ALL_ST1300H_M6DB,830d3e08f3c34c37fd896f90a13db1e3,df57f8aafa1d939ae4a2d803d73e409d,O
PG_ALL_ST1600H_M6DB,291cc35a306176aaabdfdffcb86463f5,d16535e641bde88c43e6ddc437af1b17,O
PG_ALL_ST1F_12DB_CPHIZ,6128f6afa54b2c9130941864d4852c27,a9598b8a9093b8593c85f9ed7aa4fdaf,O
PG_ALL_ST1F_12DB_TGOFF_CPHIZ,cb3e7b5e2e285e1c8fd86296287f3545,3c5d39d04a9c830e5783d32ea3bce65b,O
PG_ALL_ST1F_18DB,eb8eabbdd0fa6abcf6eff791f333f224,e9c51731d443c9eefe30c58fe03c635f,O
PG_ALL_ST1F_20DB,69359691b8b499769150be99e46484c5,5966f9f8cb248a7acfb723fac2c0a5ff,O
PG_ALL_ST1F_20DB_SELOFF,694cec0585b7ac65024ab9e5c9e7615a,af6f0c46712eb7e5b14e0b3835a020a0,O
PG_ALL_ST1F_20DB_TGOFF,0706fb088745d318c2833ba832eb401a,This File is not found.,O
PG_ALL_ST1F_M6DB,a8544307a08d59ff55f87a6013d70f1e,411af3f005e44f73d30f8f2aaa50989b,O
PG_ALL_ST1F_M6DB_CPHIZ,a54ea1f6041492081de5af68c9100092,1ec26a1f9fff07f1488f43631b469e6f,O
PG_ALL_ST1_10F_0DB,9e5eca65d0badf9938af83bf23b5d53f,a3b6c9131a3600c58a139f9b489da09a,O
PG_ALL_ST1_10F_0DB_TEMPL,4cad04cae3cfe319c72102d93d342774,This File is not found.,O
PG_ALL_ST1_10F_18DB,371d2af3b490a5e29f6ed4d998f2af5f,96984fb2c9c19f007540ce7c47752d75,O
PG_ALL_ST300H_M6DB,016232d38e5da72e031f85bdcb7333a6,2f7fe390466937c8c48fedbb2c568dc5,O
PG_ALL_ST3H_18DB,f42c5852dbe266379b1763d604d6ab8c,9b14bb9541ea585693ad66e83620e531,O
PG_ALL_ST3_10F_M6DB,8af1aea340d028f47f2a8c03d82afbe8,b1f0291431470eaf54cc0de78f6c1309,O
PG_ALL_ST5H_20DB,3df144497ee1a027c3a130d10526e854,This File is not found.,O
PG_BlankCheckPage0_Pat,bdf34ce67713f509b9b2ec9ea04c9072,7a16b571f2644227b6ff7f6925430140,O
PG_BlankCheckPage10_Pat,6e1f6a1c4b6cd5429250360d3f6ca5b2,0e13fafb0de029a84c1c782d559007c8,O
PG_BlankCheckPage11_Pat,f932560313b13dbdbbe633fb941c3671,ff0ccbbd4edba87826768b7e5d97fcc5,O
PG_BlankCheckPage1_Pat,a86179af6798feee0dd240b1b566f1d3,3fe51548516221d0a29cc8835a5a7555,O
PG_BlankCheckPage2_Pat,812b1af8028c3b94cc5da4c128650107,f1c636c44878435f511439986e805e26,O
PG_BlankCheckPage3_Pat,fb45001fa3fe5ed76a07b294475e5103,d523690bf9b38f49627a2a75ef50f279,O
PG_BlankCheckPage4_Pat,4c20643e0297bae05f2240eed68c7d8b,5723314be04bfd6c29cd440e0391b6e9,O
PG_BlankCheckPage5_Pat,2f777a8ca045ebf516e534e0b2123b36,e36faede314ad8962d0572cda61ef0a0,O
PG_BlankCheckPage6_Pat,b17d2dfa30db19d1325e1bb4a440e1f7,84ab3658f9fc6e094d8fb16f427ca12c,O
PG_BlankCheckPage7_Pat,7267aa03b0456bf18d5e53dc5a713237,88423cc88766ca690343de720d941c63,O
PG_BlankCheckPage8_Pat,6b416c15d1f6e39b564eb018f1af861f,1c9f9f7d3ef91bb3a698eadb86f762d0,O
PG_BlankCheckPage9_Pat,458f947104d05ae3b2c8a0bc3672cf1c,fce2f4989deddc040bdb04e0a24cbe39,O
PG_CUR_CPHIZ,2bc4fcc35974bfee68afdd4505793eb8,b92ab2329db277b618d70a8d8bac3b11,O
PG_CUR_SCR,147c52fcd89ab811006e145d3ca2671d,480eb56ba3829b1440b613323b7baf5b,O
PG_IO_ZFIX,92dd050c760e1b67d71dd599d613dd0f,508ad4df9d089e2b40227794641482f0,O
PG_MIPI_DC_HS0,9103ea1d257d0a752e532bc5f4c8fdf1,496e34d3c2227d429898fd406ba1e847,O
PG_MIPI_DC_HS1,d2ade54eed45d37ccedee7b10e352d8f,db2d91ea508e4fc151ed22a92292cb46,O
PG_MIPI_DC_LP00,eac2f129e38406cf4232bcef0bce6f66,70c7a1a4be93537f9bfbf2098a22072e,O
PG_MIPI_DC_LP01,63410f2072140cf2c7820d8c10e3b190,980d26e0cc4faf00cf8842eb3e6f4614,O
PG_MIPI_DC_LP10,518426198d7a19946e6a7b4d633b82f9,856254849f046d40219a39b4a203c459,O
PG_MIPI_DC_LP11,f4216b5b137a4c949a51722588e5574c,f0dd720a1d9c3351ebfd3ed0ff6de7f1,O
PG_OtpBlowPage0_Pat,bceeff12e55ca1aacaf46c07baae214e,1b7f4c72a47281f049fb8f36ce2b766f,O
PG_OtpBlowPage10_Pat,c37fafdfd6613f50367a3bfa15224dec,918a3a1826c4c16f9bf7416f8c13aa41,O
PG_OtpBlowPage11_Pat,1b4a1222b9772817ac638ef173916edd,94d71bcab2013db72246e53e16fd3f1f,O
PG_OtpBlowPage1_Pat,0985b80fb346d644a4392a717f1c8454,d55e4a04ed911934199d5b96671fa645,O
PG_OtpBlowPage2_Pat,878e963d398459f6e00fd5be91ecb07a,a2f85b7496ec0ac96e33ca64b3788baf,O
PG_OtpBlowPage3_Pat,db299df0c863e331fec0a296be02515d,d55f01a966777a5432c9f8394cc19880,O
PG_OtpBlowPage4_Pat,c746679066b1c20de3f7a5c8276b331d,9f0b97cac80e3804b2c42b3e25fa36b9,O
PG_OtpBlowPage5_Pat,bfde09fe10a747993da3093a948d0dfc,67883d97e307ac52cc47ee7c0d11b9fa,O
PG_OtpBlowPage6_Pat,beb10fccb52f7a68fb06c09f1547ead8,7fe1e1b5edc08a2399f45a5bdb5f3645,O
PG_OtpBlowPage7_Pat,a5af3a853894d0a7e6a2504375871a4d,5d8fc301d3a16da41ba59466aa8102e0,O
PG_OtpBlowPage8_Pat,b093b1bb65eae7ef12c06a449dc0d82f,9eb2d6c0fcb95cc6679bdd9500a00c53,O
PG_OtpBlowPage9_Pat,1e6d37aa65a8c32c11a439415fcb99cb,2b243093ac6bc71896222bca55e6229c,O
PG_OtpBlow_Break_Pat,244223031120828e0b9cea3a154d2f80,bcd36217764b6da9b38b9d5e5f163e4c,O
PG_OtpFixedValueCheckPage0_Pat,61b14d7734921608e3c1040b364d8022,6aabd12ffaa51b2914c9b631cca4e08b,O
PG_OtpFixedValueCheckPage10_Pat,80244dda08c320568934b023504005aa,9b3eec23144c208a66535881f18dd04d,O
PG_OtpFixedValueCheckPage11_Pat,2a77cb81bc619d53ce39c0135d403abb,7e3ed75d480003034032fafbefda132d,O
PG_OtpFixedValueCheckPage1_Pat,3c06162b5f7f674cafc6cfeafb25a8d1,9daff707fead1a96cf0807ad7776d17e,O
PG_OtpFixedValueCheckPage2_Pat,994c91b98be83502fc863d39c5d8595c,537945cb8af8efa90bcaa58c706b4996,O
PG_OtpFixedValueCheckPage3_Pat,6c85aba810eeb14d84a32a6dfed12145,6d91bf6ae71dc68d910596befdc4a387,O
PG_OtpFixedValueCheckPage4_Pat,5be332cf0a3395c36d5fd04d790b75e1,8aa5f88d3246364c0e47ec728f1c5f44,O
PG_OtpFixedValueCheckPage5_Pat,0fabad239e24924367be3a3e6b93e6e9,4c0ca915bf2688833f290aacbbc0cda0,O
PG_OtpFixedValueCheckPage6_Pat,83b060adddc43f6773572fdfb264b2ce,1ce8ffca00b29b3beb040a097a7d323b,O
PG_OtpFixedValueCheckPage7_Pat,2103d91f67f0a73f422c08837246fea8,ea0c3ef74f8b3e11ead9cbb5b4aa40e8,O
PG_OtpFixedValueCheckPage8_Pat,f10683553fdb7df130561828ebcababf,6c3903134703cebcca976452cbb9413d,O
PG_OtpFixedValueCheckPage9_Pat,ab374eee044c537bb114a92de9791508,19b95044c0dd007f871315146182cb97,O
PG_OtpVerifyPage0_Pat,9ce9b1d4c1b95715c1f3810a8991d854,e628c29145f912e28c9a7769fc65bcce,O
PG_OtpVerifyPage10_Pat,748d8d87a8f84629965e852797167601,f8ad993806615dc70079c3af8be9c55c,O
PG_OtpVerifyPage11_Pat,4a503de5ab1c0b7593934d04526ab3fc,959d288fa1b845288178813915c0e141,O
PG_OtpVerifyPage1_Pat,9d241ef52dfcd99672c3e5c0a19034a3,dcaebee2b3fd75800e6d95a194d4ba59,O
PG_OtpVerifyPage2_Pat,17adc31fe1fb24b0c611912c43f569b6,58574ca49f36bfcaa733a62d0732b74c,O
PG_OtpVerifyPage3_Pat,42b83a1695a3a22a05734bff80fde8c5,e2bffa44d709bc93efc5979885e3625b,O
PG_OtpVerifyPage4_Pat,c274f6e49e1f81f05fc34c7cba955fab,588a7273c09d26b56d0a19eee5cd9a09,O
PG_OtpVerifyPage5_Pat,2ac408944b47df5c4cd759c4cfe46801,f1162714c72f3789315e6470512f9cc0,O
PG_OtpVerifyPage6_Pat,42512430a4953103da3f116cb76ad1a7,f31e863779061f8e9375d24cd0d34d0c,O
PG_OtpVerifyPage7_Pat,9c884477a7aa117d1ee7f12752a05703,47ba80f92e08a243a9d35a45cec72c2e,O
PG_OtpVerifyPage8_Pat,16a097d48372d9ad469b16d31d94c022,2fae00a3ddd1fcea0b9d111e0297b466,O
PG_OtpVerifyPage9_Pat,20d1c5f70c49aaf7317b016c6db45671,99ed9600cf03a65459500f6852204b39,O
PG_PMARGIN_12DB_1of2,ccec7cf654fb8f90694032a270255b42,b6c4c816ceabf3380b1d34bdecdc8418,O
PG_PMARGIN_12DB_2of2,a8844705862c80a29566f9d154510bff,473eb5bd16162f62ccb7e57f5f734e69,O
PG_PMARGIN_18DB_1of2,c0c137b3fc5e07936d3ea80459e7a582,23c1593d5034c4fbc49afc4bf05a0e17,O
PG_PMARGIN_18DB_2of2,fe88774fc04433f19868fe343eec77ed,7cbcb2ff4ee234053ba1eb454cc3d783,O
PG_all0_read_xscan_tck_lim10_V11_noPower,5eebf3acdb507ca6eec47440a6bc390b,2463c74ed54cca75fe5bbf4b8a3f3a06,O
PG_all0_write_xscan_tck_lim10_V11_noPower,e7640926c7ad2f0bf1947d7e761ad2da,9544fc5966b4a178e95b73c27b0d7e56,O
PG_all1_read_xscan_tck_lim10_V11_noPower,60b211d350957107303aa2aab194f125,35c29ae8e354b6b25701c59986f5d586,O
PG_all1_write_xscan_tck_lim10_V11_noPower,7d3c6f7bcc65f05188241fa1c420dad8,f2e5fd861a81a365890588edb31e53ff,O
PG_CNTBIST_ALL_13_10_21_0,4dd344a7d9540f5d9599380a668ba2ab,8bbd01cb0175480934799d9ca3a9422e,O
PG_dc_cmph_v2_lh,This File Size is too large.,This File Size is too large.,*
PG_PLL_TEST_27MHz_13_10_21_0,14fad3bc2d17e4ca9b1847a914eadd01,d6a3a091912c18d9d517b90dd7a10af9,O
PG_screening_pll_1r1w_sramred_crw_140_V11,2f7bdc42eada27c56e482e9118c3a985,b6fe0fe4e9dc621c9ac6618fff46a996,O
PG_screening_pll_1rw_sramred_cw_140_wtest000_V11,d83a3e2149bdfeeccc6be6ef8f1f4037,be6158f34ca1779a90d87d2fa0247945,O
PG_screening_pll_1rw_sram_cwb_70_wtest000_V11,83b4ae4cf048f046360964429259a330,bb951b46f1c7ed37bdaea7812313501b,O
PG_screening_pll_1r_rom_c_70_V11,a765230b9e35969f2b8d974e39540702,4cdfbbda46b0a734379c6d86919ab533,O
PG_screening_tck_1r1w_sramred_crw_lim10_V11,cd80c809489d9b9e25e2cc00ef84d4a8,bd90410bae4ee7134540dcd34775a274,O
PG_screening_tck_1rw_sramred_cw_lim10_w000_V11,a7a4dc8bec0dc4418c3fec588e1662a8,f001b83a51a20f42d06ae2ec62de5fb3,O
PG_screening_tck_1rw_sram_cwb_lim10_wtest000_V11,6e4f23f0914bf6bb502cf6d32aaa255c,3f6d5fa39d7a0d7e9bb43783c7c801c4,O
PG_screening_tck_1r_rom_c_lim10_V11,e570ed7ddfa3c27c06043ad0c61187a1,36da2939ee140aa9b0345ccacef834b8,O
